Id,AvgWeightLogPounds,GroupAvgWeightLogPounds,AvgWeightLogKg,GroupAvgWeightLogKg,AvgBMI,CDCAssessment,GroupAvgBMI,HeightM,GroupAvgHeightM,HeightIn,GroupAvgHeightIn
1503960366,116.0,171.75,53.0,78.0,23.0,Normal/Healthy,28.0,1.52,1.6619464856822146,60.0,65.43083314130878
2873212765,126.0,171.75,57.0,78.0,22.0,Normal/Healthy,28.0,1.61,1.6619464856822146,63.0,65.43083314130878
6962181067,136.0,171.75,62.0,78.0,24.0,Normal/Healthy,28.0,1.61,1.6619464856822146,63.0,65.43083314130878
4558609924,154.0,171.75,70.0,78.0,27.0,Overweight,28.0,1.61,1.6619464856822146,63.0,65.43083314130878
4319703577,160.0,171.75,72.0,78.0,27.0,Overweight,28.0,1.63,1.6619464856822146,64.0,65.43083314130878
8877689391,188.0,171.75,85.0,78.0,25.0,Overweight,28.0,1.84,1.6619464856822146,73.0,65.43083314130878
5577150313,200.0,171.75,91.0,78.0,28.0,Overweight,28.0,1.8,1.6619464856822146,71.0,65.43083314130878
1927972279,294.0,171.75,134.0,78.0,48.0,Obese,28.0,1.67,1.6619464856822146,66.0,65.43083314130878
