Id,AvgWeightLogPounds,GroupAvgWeightLogPounds,AvgWeightLogKg,GroupAvgWeightLogKg,AvgBMI,CDCAssessment,GroupAvgBMI,HeightM,GroupAvgHeightM,HeightIn,GroupAvgHeightIn
1503960366,116.0,171.75000000000003,53.0,78.00000000000001,23.0,Normal/Healthy,28.000000000000004,1.52,1.6619464856822148,60.0,65.43083314130877
2873212765,126.0,171.75000000000003,57.0,78.00000000000001,22.0,Normal/Healthy,28.000000000000004,1.61,1.6619464856822148,63.0,65.43083314130877
6962181067,136.0,171.75000000000003,62.0,78.00000000000001,24.0,Normal/Healthy,28.000000000000004,1.61,1.6619464856822148,63.0,65.43083314130877
4558609924,154.0,171.75000000000003,70.0,78.00000000000001,27.0,Overweight,28.000000000000004,1.61,1.6619464856822148,63.0,65.43083314130877
4319703577,160.0,171.75000000000003,72.0,78.00000000000001,27.0,Overweight,28.000000000000004,1.63,1.6619464856822148,64.0,65.43083314130877
8877689391,188.0,171.75000000000003,85.0,78.00000000000001,25.0,Overweight,28.000000000000004,1.84,1.6619464856822148,73.0,65.43083314130877
5577150313,200.0,171.75000000000003,91.0,78.00000000000001,28.0,Overweight,28.000000000000004,1.8,1.6619464856822148,71.0,65.43083314130877
1927972279,294.0,171.75000000000003,134.0,78.00000000000001,48.0,Obese,28.000000000000004,1.67,1.6619464856822148,66.0,65.43083314130877
